[
  {
    "dataset_id": "fahrrad-dauerz-hlstellen",
    "filename": "Zaehlstelle_Herose_2022_15min_2.csv",
    "url": "https://offenedaten-konstanz.de/sites/default/files/Zaehlstelle_Herose_2022_15min_2.csv",
    "title": "Fahrrad Dauerzählstellen",
    "description": "<p>Der Datensatz enthält die Messergebnisse der Fahrradzählungen der städtischen Dauerzählstellen im Konstanzer Stadtgebiet. Mit diesen Daten kann genau festgestellt werden, wann wie viele Radfahrerinnen und Radfahrer an diesen Orten unterwegs gewesen sind. Die Messergebnisse sind im 15 Minuten-Rhythmus erfasst. Die Zählstellen dienen als wichtige Datengrundlage für die städtische Radpolitik.</p>\n<p>Aktuell betreibt die Stadt Konstanz fünf Dauerzählstellen im Stadtgebiet. Die älteste Fahrradzählstelle befindet sich am Ende der Fahrradbrücke beim Herosépark (weitere Infos und Bilder <strong><a href=\"http://www.konstanz.de/leben+in+konstanz/radstadt-konstanz/handlungsprogramm+radverkehr/daten+zum+radverkehr\" target=\"_blank\">hier</a></strong>). Seit 2023 gibt es vier weitere: eine an der alten Rheinbrücke, eine am Bahnhof Fürstenberg, eine am Bahnhof Petershausen und eine auf der Friedrichstraße. Zusätzlich betreibt die Stadt ab und zu an unterschiedlichen Orten mobile Verkehrszählungen (<a href=\"https://offenedaten-konstanz.de/dataset/mobile-verkehrsz-hlungen-rad-und-fu-verkehr\"><strong>Mobile Verkehrszählungen Rad- und Fußverkehr | Offene Daten Konstanz (offenedaten-konstanz.de)</strong></a>). Des Weiteren gibt es ein Dashboard hier: <strong><a href=\"https://www.arcgis.com/apps/dashboards/9202209d156c4ad4824368b4229bbbca\">Fahrradzählstellen Konstanz (arcgis.com)</a></strong></p>\n<p><em>Daten der Fahrradzählstellen der Stadt Konstanz: </em>Die Statistiken werden auf diesem Portal jährlich im CSV-Format bereitgestellt. Aktuellere Daten können bei Bedarf angefragt werden. Der Zugriff auf die Live-API-Daten kann von Fall zu Fall vergeben werden. Wer die Daten der Konstanzer Fahrradzählstellen für einen bestimmten Tag abrufen will, kann das auf einer interaktiven Karte des Herstellers Eco Counter (<strong><a href=\"http://eco-public.com/ParcPublic/?id=4586#\" target=\"_blank\">http://eco-public.com/ParcPublic/?id=4586</a></strong>) tun.</p>\n<p>Die Bicycle-Data-Initiative verfügt über ein interaktives Tool, welche folgende Funktionen bietet: (Achtung: funktioniert zurzeit nur für Daten bis 08.11.2020)</p>\n<ol>\n<li>Herunterladen von Rohdaten basierend auf den von Ihnen gewählten Intervallen: <strong><a href=\"https://www.bicycle-data.de/bicycles-data\" target=\"_blank\">https://www.bicycle-data.de/bicycles-data</a></strong></li>\n<li>Erstellung automatisierter und standardisierter Analysen aus den Daten (z.B. Durchschnittswerte für Tag, Monat oder Wetterbedingungen): <strong><a href=\"https://www.bicycle-data.de/city-analysis\" target=\"_blank\">https://www.bicycle-data.de/city-analysis</a></strong></li>\n<li>Vergleich von Konstanz mit anderen Städten: <strong><a href=\"https://www.bicycle-data.de/city-comparison\" target=\"_blank\">https://www.bicycle-data.de/city-comparison</a></strong></li>\n</ol>\n<p><em>Zu diesem Datensatz haben wir auch einen <a href=\"https://offenedaten-konstanz.de/blog/zum-dritten-mal-die-3-millionen-marke-geknackt\"><strong>Blogeintrag</strong></a> veröffentlicht.</em></p>\n<p>(Quelle: Stadt Konstanz, Amt für Stadtplanung und Umwelt)</p>\n",
    "tags": [
      "Transport und Verkehr"
    ],
    "dataset_url": "https://offenedaten-konstanz.de/dataset/fahrrad-dauerz-hlstellen"
  },
  {
    "dataset_id": "geschwindigkeits-berwachung-jahresstatistik",
    "filename": "Geschwindigkeitsueberwachung_Jahresstatistik_2022_1.csv",
    "url": "https://offenedaten-konstanz.de/sites/default/files/Geschwindigkeitsueberwachung_Jahresstatistik_2022_1.csv",
    "title": "Geschwindigkeitsüberwachung Jahresstatistik",
    "description": "<p>Erfasste <strong>Bußgeldtatbestände der städtischen Geschwindigkeitsüberwachung</strong> über die 12 Monate eines gesamtes Jahres.</p>\n<p>Neben der Gesamtstatistik für die Stadt Konstanz sind Statistiken für folgende <strong>stationäre Radarstationen</strong> enthalten:</p>\n<ul>\n<li>Untere Laube</li>\n<li>Gartenstraße</li>\n<li>Steinstraße</li>\n<li>Mainaustraße</li>\n<li>Im Loh</li>\n<li>Reichenaustraße/Moschee</li>\n<li>Reichenaustraße/Casino</li>\n<li>Reichenaustraße/Neue Rheinbrücke/Schänzlebrücke</li>\n</ul>\n<p>(Quelle: Stadt Konstanz, Bürgeramt, Abt. Verkehrswesen)</p>\n",
    "tags": [
      "Transport und Verkehr"
    ],
    "dataset_url": "https://offenedaten-konstanz.de/dataset/geschwindigkeits-berwachung-jahresstatistik"
  },
  {
    "dataset_id": "abfallplaner-m-llabfuhrtermine",
    "filename": "EBK_Abfallplaner_2022_kalendarisch_0_0.csv",
    "url": "https://offenedaten-konstanz.de/sites/default/files/EBK_Abfallplaner_2022_kalendarisch_0_0.csv",
    "title": "Abfallplaner Müllabfuhrtermine",
    "description": "<p>Auflistung der Müllabfuhrtermine der EBK für Biomüll, Restmüll, Gelber Sack, Papiertonne, Christbaumabholung im Stadtgebiet Konstanz seit dem Jahr 2020.</p>\n<p>(Quelle: Entsorgungsbetriebe Stadt Konstanz)</p>\n",
    "tags": [
      "Infrastruktur, Bauen und Wohnen"
    ],
    "dataset_url": "https://offenedaten-konstanz.de/dataset/abfallplaner-m-llabfuhrtermine"
  },
  {
    "dataset_id": "grenz-berg-nge-kraftfahrzeuge-deutschland-schweiz",
    "filename": "EmZ_Grenzverkehr_Juli_2020-Maerz_2022_0_0.csv",
    "url": "https://offenedaten-konstanz.de/sites/default/files/EmZ_Grenzverkehr_Juli_2020-Maerz_2022_0_0.csv",
    "title": "Grenzübergänge Kraftfahrzeuge Deutschland Schweiz",
    "description": "<p>Die  Schweizer Kantonsbehörde Thurgau und das Schweizer Bundesamt für Straßen (ASTRA) erheben die durchschnittliche tägliche Verkehrsstärke (DTV) der Grenzübergänge von Kraftfahrzeugen an den drei Zollstellen “Tägerwilen-Paradieser Tor”, “Emmishofer Zoll” und der “Gemeinschaftszollanlage Kreuzlingen/Tägerwilen (kurz GZA)”. Seit 2013 werden diese Daten gesammelt und nun auch als offene Daten zur Verfügung gestellt. Diese Daten sind außerdem <strong><a href=\"https://map.geo.tg.ch/apps/mf-geoadmin3/?lang=de&amp;topic=ech&amp;catalogNodes=10000,20000,30000,15100,34000&amp;layers=richtplankt50k_hauptverkehrstrassen,richtplankt200k_motorfahrzeugverkehr,strassenverkehrszaehlung_messdaten&amp;layers_opacity=0.9,1,1&amp;E=2728994.19&amp;N=1280640.14&amp;zoom=6&amp;layers_timestamp=,,20130101&amp;layers_visibility=true\" target=\"_blank\">im Open Data Portal des Kanton Thurgau</a></strong> verfügbar.</p>\n<p>Weitere Daten sind <strong><a href=\"https://www.astra.admin.ch/astra/de/home/dokumentation/daten-informationsprodukte/verkehrsdaten/daten-publikationen/automatische-strassenverkehrszaehlung/monats-jahresergebnisse.html\">hier </a></strong>verfügbar.</p>\n<p>Hinweis: Die Stadt Konstanz hat die Daten ausdrücklich nicht erhoben.</p>\n",
    "tags": [
      "Transport und Verkehr"
    ],
    "dataset_url": "https://offenedaten-konstanz.de/dataset/grenz-berg-nge-kraftfahrzeuge-deutschland-schweiz"
  },
  {
    "dataset_id": "mietpreisentwicklung-wobak-bestand",
    "filename": "Mietpreisentwicklung_WOBAK_Bestand_2013-2022_0.csv",
    "url": "https://offenedaten-konstanz.de/sites/default/files/Mietpreisentwicklung_WOBAK_Bestand_2013-2022_0.csv",
    "title": "Mietpreisentwicklung WOBAK-Bestand",
    "description": "<p>Historische Entwicklung der durchschnittlichen Miethöhe im WOBAK-Bestand pro Quadratmeter Wohnfläche.</p>\n<p>Die WOBAK ist die städtische Wohnungsbaugesellschaft der Stadt Konstanz (weitere Infos <strong><a href=\"https://www.wobak.de/unternehmen/\" target=\"_blank\">hier</a></strong>).</p>\n<p>Quelle: WOBAK Städtische Wohnungsbaugesellschaft mbH Konstanz</p>\n",
    "tags": [
      "Infrastruktur, Bauen und Wohnen"
    ],
    "dataset_url": "https://offenedaten-konstanz.de/dataset/mietpreisentwicklung-wobak-bestand"
  },
  {
    "dataset_id": "einwohner-nach-baublock",
    "filename": "Einwohner_nach_Baublock_2022_0.csv",
    "url": "https://offenedaten-konstanz.de/sites/default/files/Einwohner_nach_Baublock_2022_0.csv",
    "title": "Einwohner nach Baublock ",
    "description": "<p><strong>Wohnbevölkerung in Konstanz nach Baublock</strong></p>\n<p>Kleinräumig nach Baublock werden nur dort Einwohner ausgewiesen, wo in einem Baublock 4 oder mehr Einwohnern mit Hauptwohnsitz gemeldet sind.</p>\n<p><strong>Quelle:</strong> Stadt Konstanz, Amt für Digitalisierung und IT, Abteilung Datenmanagement und Statistik (eigene Einwohnerfortschreibung)</p>\n",
    "tags": [
      "Bevölkerung"
    ],
    "dataset_url": "https://offenedaten-konstanz.de/dataset/einwohner-nach-baublock"
  },
  {
    "dataset_id": "au-enwanderung-nach-herkunfts-und-zielgebiet",
    "filename": "Aussenwanderung_nach_Herkunfts_Ziel-Staat_2010-2023_0_0.csv",
    "url": "https://offenedaten-konstanz.de/sites/default/files/Aussenwanderung_nach_Herkunfts_Ziel-Staat_2010-2023_0_0.csv",
    "title": "Außenwanderung nach Herkunfts- und Zielgebiet",
    "description": "<p><strong>Außenwanderung in Konstanz nach Herkunfts- und Zielstaat</strong></p>\n<p>Daten zur Zuwanderung (Zuzug) und Abwanderung (Wegzug) nach verschiedenen Ländern von 2010 bis 2023. Enthält detaillierte Informationen über Migrationsbewegungen nach einzelnen Staaten.</p>\n<p><strong>Quelle:</strong> Stadt Konstanz, Amt für Digitalisierung und IT, Abteilung Datenmanagement und Statistik (eigene Einwohnerfortschreibung)</p>\n",
    "tags": [
      "Bevölkerung"
    ],
    "dataset_url": "https://offenedaten-konstanz.de/dataset/au-enwanderung-nach-herkunfts-und-zielgebiet"
  }
]